word,frequency
"linux,kernel,modul",16
"linux,devic,driver",12
"kernel,modul,use",8
"struct,inod,struct",8
"print,stack,trace",5
"use,linux,kernel",5
"devic,kernel,modul",5
"inod,struct,dentri",5
"insid,kernel,modul",5
"singl,struct,request",4
"space,kernel,space",4
"struct,bio,singl",4
"way,write,timer",4
"write,kernel,modul",4
"block,ram,disk",4
"simplest,way,write",4
"linux,kernel,start",4
"struct,dentri,struct",4
"charact,devic,driver",4
"block,devic,driver",4
"bio,singl,struct",4
"current,date,c++",4
"write,custom,rule",4
"devic,driver,use",4
"infinit,loop,read",4
"kernel,modul,creat",4
"linux,block,devic",3
"work,linux,kernel",3
"inod,struct,linux",3
"write,command,shell",3
"run,longer,averag",3
"full,process,name",3
"heap,cout,size",3
"longer,averag,flag",3
"kernel,data,structur",3
"vector,object,pointer",3
"eeprom,content,space",3
"complet,process,name",3
"virtual,memori,area",3
"block,devic,use",3
"rotat,normal,speed",3
"output,next,day",3
"variabl,print,correctli",3
"space,use,remap_pfn_rang",3
"read,linux,kernel",3
"cout,element,heap",3
"older,kernel,version",3
"read,timestamp,kernel",3
"check,size,heap",3
"best,way,cach",3
"kernel,modul,write",3
"gener,traffic,light",3
"date,given,paramet",3
"open,socket,pipe",3
"linux,kernel,sourc",3
"intent,schedulemanagement.thi,schedulemanagementservice.class",3
"heap,heap.top,heap.top",3
"gener,core,dump",3
"linux,kernel,version",3
"derefer,null,pointer",3
"linux,block,driver",3
"request,linux,kernel",3
"dentri,struct,inod",3
"bio,request,linux",3
"display,element,heap",3
"use,bio,request",3
"write,data,use",3
"00:00:00,date,given",3
"applic,cpu,consumpt",3
"keep,track,mani",3
"dereferenc,null,pointer",3
"sector,use,bio",3
"creat,block,devic",3
"cout,size,heap",3
"block,devic,kernel",3
"wrap,head,around",3
"new,intent,schedulemanagement.thi",3
"use,seq_fil,implement",3
"heap,cout,element",3
"kernel,modul,linux",3
"boost.heap,prioriti,queue",3
"struct,linux,kernel",3
"element,heap,heap.top",3
"develop,kernel,modul",3
"element,heap,cout",3
"receiv,udp,messag",3
"oper,read,write",3
"multipl,struct,bio",3
"c++,keep,track",3
"syscal,kernel,space",3
"read,sector,use",3
"size,heap,cout",3
"averag,flag,averag",3
"includ,includ,includ",3
"mount,command,output",2
"uint32_t,hexidecim,store",2
"zoom,specif,part",2
"use,linux,mint",2
"fail,send,request",2
"display,display,20:00:00:20",2
