use;759
file;667
time;487
kernel;311
work;300
write;243
way;235
read;229
creat;217
problem;212
struct;197
know;193
run;188
error;180
devic;179
data;175
linux;165
valu;159
implement;157
system;151
driver;151
current;145
return;144
make;142
modul;142
process;132
set;126
output;126
variabl;117
exampl;117
find;115
chang;107
seem;107
path;106
number;105
server;104
thread;103
differ;102
print;101
new;97
oper;96
pointer;96
compil;95
block;94
check;94
memori;94
command;93
updat;93
abl;91
includ;89
open;88
pass;87
everi;86
list;84
class;84
date;82
structur;82
inod;82
loop;80
access;80
handl;77
start;76
execut;76
name;74
store;73
simpl;72
bio;72
wrong;71
method;71
solut;71
directori;71
result;70
test;69
messag;67
space;66
element;65
page;65
string;64
main;63
queri;63
object;62
issu;62
size;62
actual;62
array;62
c++;61
point;61
case;61
sinc;60
ca;60
happen;60
without;60
part;59
input;58
applic;58
given;58
request;57
anoth;57
type;57
still;56
client;56
sure;56
idea;56
ad;55
buffer;54
link;54
defin;54
perform;54
realli;54
say;53
calcul;52
gener;52
queue;51
send;51
http;51
inform;51
much;50
'd;50
int;50
answer;50
possibl;50
log;49
long;49
correct;49
show;49
fine;49
sourc;49
caus;49
refer;48
key;48
map;48
imag;47
basic;47
anyon;47
mani;46
well;46
node;46
far;46
crash;46
fail;45
mean;45
within;45
version;45
instead;45
figur;44
last;44
timer;44
entri;44
address;43
order;43
header;43
day;43
advanc;43
around;42
--;42
modifi;42
end;42
got;42
paramet;41
keep;41
heap;41
fix;40
someon;40
hour;40
alway;40
exist;39
lot;39
done;39
complet;39
member;39
let;38
develop;38
librari;38
better;38
receiv;38
iter;38
wait;38
build;38
socket;38
suggest;38
proc;38
move;37
assign;37
connect;37
record;37
byte;36
load;36
machin;36
custom;36
alloc;36
provid;36
event;36
correctli;36
disk;36
specif;35
base;35
singl;35
search;35
alreadi;35
copi;35
